club_code,state,reporting_group_company_level
008,SC,AAA NE
008,SD,AAA NE
008,TN,AAA NE
008,TX,AAA NE
008,UT,AAA NE
008,VA,AAA NE
008,VI,AAA NE
018,WV,ACE
018,WY,ACE
018,ZZ,ACE
020,AK,ACG
020,AL,ACG
020,AR,ACG
020,AZ,ACG
020,CA,ACG
020,CO,ACG
020,CT,ACG
020,DC,ACG
020,DE,ACG
020,FL,ACG
020,GA,ACG
020,HI,ACG
020,IA,ACG
020,ID,ACG
020,IL,ACG
020,IN,ACG
020,KS,ACG
020,KY,ACG
020,LA,ACG
020,MA,ACG
020,MD,ACG
020,ME,ACG
020,MI,ACG
020,MN,ACG
020,MO,ACG
020,MS,ACG
020,MT,ACG
020,NC,ACG
020,ND,ACG
020,NE,ACG
020,NH,ACG
020,NJ,ACG
020,NM,ACG
020,NV,ACG
020,OH,ACG
020,OK,ACG
020,OR,ACG
020,PA,ACG
008,VT,AAA NE
008,WA,AAA NE
008,WI,AAA NE
008,WV,AAA NE
008,WY,AAA NE
008,ZZ,AAA NE
012,AK,Independent
012,AL,Independent
012,AR,Independent
012,AZ,Independent
012,CA,Independent
012,CO,Independent
012,CT,Independent
012,DC,Independent
012,DE,Independent
012,FL,Independent
012,GA,Independent
012,HI,Independent
012,IA,Independent
012,ID,Independent
012,IL,Independent
020,PR,ACG
020,RI,ACG
020,SC,ACG
020,SD,ACG
020,TN,ACG
020,TX,ACG
020,UT,ACG
020,VA,ACG
020,VI,ACG
020,VT,ACG
020,WA,ACG
020,WI,ACG
020,WV,ACG
020,WY,ACG
020,ZZ,ACG
022,AK,Independent
022,AL,Independent
022,AR,Independent
999,OH,Independent
999,OK,Independent
999,OR,Independent
999,PA,Independent
999,PR,Independent
999,RI,Independent
999,SC,Independent
999,SD,Independent
999,TN,Independent
999,TX,Independent
999,UT,Independent
260,WY,Independent
260,ZZ,Independent
261,AK,Independent
261,AL,Independent
261,AR,Independent
261,AZ,Independent
261,CA,Independent
261,CO,Independent
261,CT,Independent
261,DC,Independent
261,DE,Independent
261,FL,Independent
261,GA,Independent
261,HI,Independent
261,IA,Independent
261,ID,Independent
261,IL,Independent
261,IN,Independent
261,KS,Independent
261,KY,Independent
261,LA,Independent
261,MA,Independent
261,MD,Independent
261,ME,Independent
261,MI,Independent
261,MN,Independent
261,MO,Independent
261,MS,Independent
261,MT,Independent
261,NC,Independent
261,ND,Independent
261,NE,Independent
261,NH,Independent
261,NJ,Independent
261,NM,Independent
261,NV,Independent
261,OH,Independent
261,OK,Independent
261,OR,Independent
261,PA,Independent
261,PR,Independent
261,RI,Independent
261,SC,Independent
261,SD,Independent
261,TN,Independent
261,TX,Independent
261,UT,Independent
261,VA,Independent
261,VI,Independent
261,VT,Independent
261,WA,Independent
261,WI,Independent
261,WV,Independent
261,WY,Independent
261,ZZ,Independent
263,AK,ACA
263,AL,ACA
263,AR,ACA
263,AZ,ACA
263,CA,ACA
263,CO,ACA
263,CT,ACA
263,DC,ACA
263,DE,ACA
263,FL,ACA
241,MA,ACA
241,MD,ACA
241,ME,ACA
241,MI,ACA
241,MN,ACA
241,MO,ACA
241,MS,ACA
241,MT,ACA
241,NC,ACA
241,ND,ACA
241,NE,ACA
241,NH,ACA
241,NJ,ACA
241,NM,ACA
241,NV,ACA
241,OH,ACA
241,OK,ACA
241,OR,ACA
241,PA,ACA
241,PR,ACA
241,RI,ACA
241,SC,ACA
241,SD,ACA
241,TN,ACA
241,TX,ACA
241,UT,ACA
241,VA,ACA
241,VI,ACA
241,VT,ACA
241,WA,ACA
241,WI,ACA
241,WV,ACA
241,WY,ACA
241,ZZ,ACA
243,AK,ACG
240,LA,AAA NE
240,MA,AAA NE
240,MD,AAA NE
240,ME,AAA NE
240,MI,AAA NE
240,MN,AAA NE
240,MO,AAA NE
240,MS,AAA NE
240,MT,AAA NE
201,DE,Independent
201,FL,Independent
201,GA,Independent
201,HI,Independent
201,IA,Independent
201,ID,Independent
201,IL,Independent
201,IN,Independent
201,KS,Independent
216,FL,ACE
216,GA,ACE
216,HI,ACE
216,IA,ACE
216,ID,ACE
216,IL,ACE
216,IN,ACE
216,KS,ACE
216,KY,ACE
216,LA,ACE
216,MA,ACE
216,MD,ACE
216,ME,ACE
216,MI,ACE
216,MN,ACE
216,MO,ACE
216,MS,ACE
216,MT,ACE
216,NC,ACE
216,ND,ACE
216,NE,ACE
216,NH,ACE
216,NJ,ACE
216,NM,ACE
216,NV,ACE
216,OH,ACE
216,OK,ACE
216,OR,ACE
216,PA,ACE
216,PR,ACE
216,RI,ACE
216,SC,ACE
216,SD,ACE
216,TN,ACE
216,TX,ACE
216,UT,ACE
216,VA,ACE
216,VI,ACE
216,VT,ACE
201,KY,Independent
201,LA,Independent
201,MA,Independent
201,MD,Independent
201,ME,Independent
201,MI,Independent
201,MN,Independent
201,MO,Independent
201,MS,Independent
201,MT,Independent
201,NC,Independent
201,ND,Independent
201,NE,Independent
263,KS,ACA
263,KY,ACA
263,LA,ACA
263,MA,ACA
263,MD,ACA
263,ME,ACA
255,ID,MWG
255,IL,MWG
255,IN,MWG
255,KS,MWG
255,KY,MWG
255,LA,MWG
255,MA,MWG
255,MD,MWG
255,ME,MWG
255,MI,MWG
255,MN,MWG
255,MO,MWG
255,MS,MWG
255,MT,MWG
255,NC,MWG
255,ND,MWG
255,NE,MWG
255,NH,MWG
255,NJ,MWG
255,NM,MWG
255,NV,MWG
255,OH,MWG
255,OK,MWG
255,OR,MWG
255,PA,MWG
255,PR,MWG
255,RI,MWG
255,SC,MWG
255,SD,MWG
255,TN,MWG
255,TX,MWG
255,UT,MWG
255,VA,MWG
255,VI,MWG
255,VT,MWG
255,WA,MWG
255,WI,MWG
255,WV,MWG
255,WY,MWG
255,ZZ,MWG
257,AK,Independent
950,NC,MWG
950,ND,MWG
950,NE,MWG
950,NH,MWG
950,NJ,MWG
950,NM,MWG
950,NV,MWG
950,OH,MWG
950,OK,MWG
950,OR,MWG
950,PA,MWG
950,PR,MWG
950,RI,MWG
950,SC,MWG
950,SD,MWG
950,TN,MWG
950,TX,MWG
950,UT,MWG
950,VA,MWG
950,VI,MWG
950,VT,MWG
950,WA,MWG
950,WI,MWG
950,WV,MWG
950,WY,MWG
950,ZZ,MWG
961,AK,Independent
961,AL,Independent
961,AR,Independent
961,AZ,Independent
961,CA,Independent
961,CO,Independent
961,CT,Independent
961,DC,Independent
961,DE,Independent
961,FL,Independent
961,GA,Independent
961,MI,Independent
961,MN,Independent
961,MO,Independent
961,MS,Independent
961,MT,Independent
961,NC,Independent
961,ND,Independent
961,NE,Independent
961,NH,Independent
961,NJ,Independent
961,NM,Independent
961,NV,Independent
961,OH,Independent
961,OK,Independent
961,OR,Independent
961,PA,Independent
961,PR,Independent
961,RI,Independent
961,SC,Independent
961,SD,Independent
961,TN,Independent
961,TX,Independent
961,UT,Independent
961,VA,Independent
961,VI,Independent
961,VT,Independent
961,WA,Independent
961,WI,Independent
961,WV,Independent
257,AL,Independent
257,AR,Independent
257,AZ,Independent
257,CA,Independent
257,CO,Independent
257,CT,Independent
257,DC,Independent
257,DE,Independent
257,FL,Independent
257,GA,Independent
257,HI,Independent
257,IA,Independent
257,ID,Independent
257,IL,Independent
257,IN,Independent
257,KS,Independent
257,KY,Independent
257,LA,Independent
257,MA,Independent
257,MD,Independent
257,ME,Independent
257,MI,Independent
257,MN,Independent
257,MO,Independent
257,MS,Independent
257,MT,Independent
257,NC,Independent
257,ND,Independent
257,NE,Independent
257,NH,Independent
257,NJ,Independent
257,NM,Independent
257,NV,Independent
257,OH,Independent
257,OK,Independent
257,OR,Independent
257,PA,Independent
257,PR,Independent
257,RI,Independent
243,ZZ,ACG
252,AK,ACE
252,AL,ACE
252,AR,ACE
252,AZ,ACE
252,CA,ACE
252,CO,ACE
252,CT,ACE
252,DC,ACE
252,DE,ACE
255,CO,MWG
255,CT,MWG
255,DC,MWG
255,DE,MWG
255,FL,MWG
255,GA,MWG
255,HI,MWG
255,IA,MWG
999,VA,Independent
999,VI,Independent
999,VT,Independent
999,WA,Independent
999,WI,Independent
999,WV,Independent
999,WY,Independent
999,ZZ,Independent
115,AK,ACA
115,AL,ACA
115,AR,ACA
115,AZ,ACA
115,CA,ACA
115,CO,ACA
115,CT,ACA
115,DC,ACA
115,DE,ACA
115,FL,ACA
115,GA,ACA
115,HI,ACA
115,IA,ACA
115,ID,ACA
115,IL,ACA
269,IA,Independent
269,ID,Independent
269,IL,Independent
269,IN,Independent
269,KS,Independent
269,KY,Independent
269,LA,Independent
269,MA,Independent
269,MD,Independent
269,ME,Independent
269,MI,Independent
269,MN,Independent
269,MO,Independent
269,MS,Independent
269,MT,Independent
269,NC,Independent
269,ND,Independent
269,NE,Independent
269,NH,Independent
269,NJ,Independent
269,NM,Independent
269,NV,Independent
269,OH,Independent
269,OK,Independent
269,OR,Independent
269,PA,Independent
961,WY,Independent
961,ZZ,Independent
964,AK,MWG
964,AL,MWG
964,AR,MWG
964,AZ,MWG
964,CA,MWG
964,CO,MWG
964,CT,MWG
964,DC,MWG
964,DE,MWG
964,FL,MWG
964,GA,MWG
964,HI,MWG
964,IA,MWG
964,ID,MWG
964,IL,MWG
964,IN,MWG
964,KS,MWG
964,KY,MWG
964,LA,MWG
964,MA,MWG
964,MD,MWG
257,SC,Independent
257,SD,Independent
257,TN,Independent
257,TX,Independent
257,UT,Independent
257,VA,Independent
257,VI,Independent
240,NC,AAA NE
240,ND,AAA NE
240,NE,AAA NE
240,NH,AAA NE
240,NJ,AAA NE
240,NM,AAA NE
257,VT,Independent
257,WA,Independent
257,WI,Independent
257,WV,Independent
257,WY,Independent
257,ZZ,Independent
258,AK,ACE
258,AL,ACE
258,AR,ACE
258,AZ,ACE
252,WI,ACE
252,WV,ACE
252,WY,ACE
252,ZZ,ACE
255,AK,MWG
255,AL,MWG
255,AR,MWG
255,AZ,MWG
255,CA,MWG
961,HI,Independent
961,IA,Independent
961,ID,Independent
961,IL,Independent
961,IN,Independent
961,KS,Independent
961,KY,Independent
961,LA,Independent
961,MA,Independent
961,MD,Independent
961,ME,Independent
263,GA,ACA
258,SD,ACE
258,TN,ACE
258,TX,ACE
258,UT,ACE
258,VA,ACE
176,OR,ACA
176,PA,ACA
176,PR,ACA
176,RI,ACA
176,SC,ACA
176,SD,ACA
034,DC,ACA
243,OK,ACG
243,OR,ACG
243,PA,ACG
243,PR,ACG
243,RI,ACG
243,SC,ACG
243,SD,ACG
243,TN,ACG
243,TX,ACG
243,UT,ACG
243,VA,ACG
243,VI,ACG
243,VT,ACG
243,WA,ACG
243,WI,ACG
243,WV,ACG
243,WY,ACG
964,ME,MWG
964,MI,MWG
964,MN,MWG
964,MO,MWG
964,MS,MWG
964,MT,MWG
964,NC,MWG
964,ND,MWG
964,NE,MWG
964,NH,MWG
964,NJ,MWG
964,NM,MWG
964,NV,MWG
964,OH,MWG
964,OK,MWG
964,OR,MWG
964,PA,MWG
964,PR,MWG
964,RI,MWG
964,SC,MWG
964,SD,MWG
964,TN,MWG
964,TX,MWG
964,UT,MWG
964,VA,MWG
964,VI,MWG
964,VT,MWG
964,WA,MWG
964,WI,MWG
964,WV,MWG
964,WY,MWG
964,ZZ,MWG
999,AK,Independent
999,AL,Independent
999,AR,Independent
999,AZ,Independent
999,CA,Independent
999,CO,Independent
999,CT,Independent
999,DC,Independent
999,DE,Independent
999,FL,Independent
999,GA,Independent
999,HI,Independent
999,IA,Independent
999,ID,Independent
999,IL,Independent
999,IN,Independent
999,KS,Independent
999,KY,Independent
999,LA,Independent
999,MA,Independent
999,MD,Independent
999,ME,Independent
217,ZZ,Independent
219,AK,Independent
219,AL,Independent
219,AR,Independent
950,CT,MWG
950,DC,MWG
950,DE,MWG
950,FL,MWG
950,GA,MWG
950,HI,MWG
950,IA,MWG
950,ID,MWG
950,IL,MWG
950,IN,MWG
950,KS,MWG
950,KY,MWG
950,LA,MWG
950,MA,MWG
950,MD,MWG
950,ME,MWG
950,MI,MWG
950,MN,MWG
950,MO,MWG
950,MS,MWG
950,MT,MWG
260,PR,Independent
260,RI,Independent
260,SC,Independent
260,SD,Independent
260,TN,Independent
260,TX,Independent
260,UT,Independent
260,VA,Independent
260,VI,Independent
260,VT,Independent
260,WA,Independent
260,WI,Independent
260,WV,Independent
270,NV,ACG
270,OH,ACG
270,OK,ACG
270,OR,ACG
270,PA,ACG
270,PR,ACG
270,RI,ACG
270,SC,ACG
270,SD,ACG
270,TN,ACG
252,FL,ACE
252,GA,ACE
252,HI,ACE
252,IA,ACE
252,ID,ACE
252,IL,ACE
252,IN,ACE
252,KS,ACE
252,KY,ACE
252,LA,ACE
252,MA,ACE
252,MD,ACE
252,ME,ACE
999,MI,Independent
999,MN,Independent
999,MO,Independent
999,MS,Independent
999,MT,Independent
999,NC,Independent
999,ND,Independent
999,NE,Independent
999,NH,Independent
999,NJ,Independent
999,NM,Independent
999,NV,Independent
219,DC,Independent
219,DE,Independent
219,FL,Independent
219,GA,Independent
219,HI,Independent
219,IA,Independent
219,ID,Independent
219,IL,Independent
219,IN,Independent
219,KS,Independent
219,KY,Independent
219,LA,Independent
219,MA,Independent
219,MD,Independent
219,ME,Independent
219,MI,Independent
219,MN,Independent
219,MO,Independent
219,MS,Independent
219,MT,Independent
219,NC,Independent
219,ND,Independent
219,NE,Independent
219,NH,Independent
219,NJ,Independent
219,NM,Independent
219,NV,Independent
219,OH,Independent
219,OK,Independent
219,OR,Independent
219,PA,Independent
219,PR,Independent
222,WV,Independent
222,WY,Independent
222,ZZ,Independent
227,AK,ACE
227,AL,ACE
227,AR,ACE
227,AZ,ACE
227,CA,ACE
227,CO,ACE
227,CT,ACE
227,DC,ACE
227,DE,ACE
227,FL,ACE
227,GA,ACE
227,HI,ACE
227,IA,ACE
227,ID,ACE
227,IL,ACE
227,IN,ACE
227,KS,ACE
227,KY,ACE
227,LA,ACE
227,MA,ACE
227,MD,ACE
227,ME,ACE
227,MI,ACE
227,MN,ACE
227,MO,ACE
227,MS,ACE
227,MT,ACE
227,NC,ACE
227,ND,ACE
227,NE,ACE
112,ME,Independent
112,MI,Independent
112,MN,Independent
112,MO,Independent
112,MS,Independent
112,MT,Independent
112,NC,Independent
112,ND,Independent
112,NE,Independent
112,NH,Independent
112,NJ,Independent
112,NM,Independent
112,NV,Independent
112,OH,Independent
112,OK,Independent
112,OR,Independent
112,PA,Independent
112,PR,Independent
112,RI,Independent
112,SC,Independent
112,SD,Independent
112,TN,Independent
112,TX,Independent
112,UT,Independent
112,VA,Independent
112,VI,Independent
112,VT,Independent
112,WA,Independent
112,WI,Independent
112,WV,Independent
112,WY,Independent
112,ZZ,Independent
113,AK,ACG
113,AL,ACG
113,AR,ACG
113,AZ,ACG
113,CA,ACG
113,CO,ACG
113,CT,ACG
113,DC,ACG
113,DE,ACG
074,IA,AAA NE
074,ID,AAA NE
074,IL,AAA NE
074,IN,AAA NE
074,KS,AAA NE
074,KY,AAA NE
074,LA,AAA NE
074,MA,AAA NE
074,MD,AAA NE
074,ME,AAA NE
074,MI,AAA NE
074,MN,AAA NE
069,OH,ACG
069,OK,ACG
069,OR,ACG
069,PA,ACG
069,PR,ACG
069,RI,ACG
069,SC,ACG
069,SD,ACG
069,TN,ACG
049,UT,ACG
049,VA,ACG
049,VI,ACG
049,VT,ACG
049,WA,ACG
049,WI,ACG
049,WV,ACG
049,WY,ACG
049,ZZ,ACG
111,SC,ACG
111,SD,ACG
111,TN,ACG
111,TX,ACG
111,UT,ACG
111,VA,ACG
111,VI,ACG
111,VT,ACG
111,WA,ACG
111,WI,ACG
117,IA,Independent
117,ID,Independent
117,IL,Independent
117,IN,Independent
117,KS,Independent
002,VT,MWG
002,WA,MWG
002,WI,MWG
002,WV,MWG
002,WY,MWG
002,ZZ,MWG
004,AK,ACE
004,AL,ACE
004,AR,ACE
004,AZ,ACE
004,CA,ACE
004,CO,ACE
004,CT,ACE
004,DC,ACE
004,DE,ACE
004,FL,ACE
004,GA,ACE
004,HI,ACE
004,IA,ACE
004,ID,ACE
004,IL,ACE
006,AR,ACG
006,AZ,ACG
006,CA,ACG
006,CO,ACG
006,CT,ACG
006,DC,ACG
006,DE,ACG
006,FL,ACG
006,GA,ACG
006,HI,ACG
006,IA,ACG
006,ID,ACG
006,IL,ACG
006,IN,ACG
137,MA,Independent
137,MD,Independent
137,ME,Independent
137,MI,Independent
137,MN,Independent
137,MO,Independent
137,MS,Independent
137,MT,Independent
137,NC,Independent
137,ND,Independent
137,NE,Independent
137,NH,Independent
137,NJ,Independent
137,NM,Independent
137,NV,Independent
032,MI,ACA
032,MN,ACA
032,MO,ACA
032,MS,ACA
032,MT,ACA
032,NC,ACA
032,ND,ACA
032,NE,ACA
032,NH,ACA
032,NJ,ACA
032,NM,ACA
032,NV,ACA
032,OH,ACA
032,OK,ACA
032,OR,ACA
032,PA,ACA
032,PR,ACA
032,RI,ACA
032,SC,ACA
032,SD,ACA
032,TN,ACA
032,TX,ACA
032,UT,ACA
032,VA,ACA
032,VI,ACA
032,VT,ACA
032,WA,ACA
032,WI,ACA
032,WV,ACA
032,WY,ACA
032,ZZ,ACA
033,AK,ACE
033,AL,ACE
033,AR,ACE
033,AZ,ACE
033,CA,ACE
033,CO,ACE
033,CT,ACE
033,DC,ACE
023,MS,Independent
023,MT,Independent
023,NC,Independent
023,ND,Independent
133,AK,ACA
133,AL,ACA
133,AR,ACA
133,AZ,ACA
133,CA,ACA
133,CO,ACA
133,CT,ACA
133,DC,ACA
133,DE,ACA
133,FL,ACA
133,GA,ACA
133,HI,ACA
117,WA,Independent
117,WI,Independent
117,WV,Independent
117,WY,Independent
117,ZZ,Independent
119,AK,Independent
119,AL,Independent
119,AR,Independent
119,AZ,Independent
119,CA,Independent
119,CO,Independent
119,CT,Independent
119,DC,Independent
119,DE,Independent
119,FL,Independent
119,GA,Independent
119,HI,Independent
119,IA,Independent
119,ID,Independent
119,IL,Independent
119,IN,Independent
119,KS,Independent
119,KY,Independent
069,TX,ACG
069,UT,ACG
069,VA,ACG
069,VI,ACG
069,VT,ACG
069,WA,ACG
069,WI,ACG
069,WV,ACG
069,WY,ACG
069,ZZ,ACG
071,AK,Independent
071,AL,Independent
071,AR,Independent
071,AZ,Independent
071,CA,Independent
071,CO,Independent
071,CT,Independent
117,KY,Independent
117,LA,Independent
117,MA,Independent
117,MD,Independent
117,ME,Independent
113,FL,ACG
023,OR,Independent
023,PA,Independent
023,PR,Independent
023,RI,Independent
023,SC,Independent
023,SD,Independent
023,TN,Independent
023,TX,Independent
023,UT,Independent
023,VA,Independent
023,VI,Independent
023,VT,Independent
023,WA,Independent
023,WI,Independent
023,WV,Independent
023,WY,Independent
023,ZZ,Independent
032,AK,ACA
032,AL,ACA
032,AR,ACA
032,AZ,ACA
071,DC,Independent
071,DE,Independent
071,FL,Independent
071,GA,Independent
071,HI,Independent
071,IA,Independent
032,CA,ACA
032,CO,ACA
032,CT,ACA
032,DC,ACA
032,DE,ACA
033,DE,ACE
033,FL,ACE
033,GA,ACE
033,HI,ACE
033,IA,ACE
033,ID,ACE
033,IL,ACE
033,IN,ACE
033,KS,ACE
033,KY,ACE
033,LA,ACE
033,MA,ACE
032,FL,ACA
032,GA,ACA
032,HI,ACA
032,IA,ACA
032,ID,ACA
032,IL,ACA
135,MN,Independent
135,MO,Independent
135,MS,Independent
135,MT,Independent
135,NC,Independent
135,ND,Independent
135,NE,Independent
135,NH,Independent
135,NJ,Independent
135,NM,Independent
135,NV,Independent
135,OH,Independent
135,OK,Independent
135,OR,Independent
135,PA,Independent
135,PR,Independent
135,RI,Independent
135,SC,Independent
135,SD,Independent
135,TN,Independent
135,TX,Independent
135,UT,Independent
135,VA,Independent
135,VI,Independent
135,VT,Independent
135,WA,Independent
135,WI,Independent
135,WV,Independent
135,WY,Independent
135,ZZ,Independent
137,AK,Independent
137,AL,Independent
137,AR,Independent
137,AZ,Independent
137,CA,Independent
004,IN,ACE
004,KS,ACE
004,KY,ACE
004,LA,ACE
004,MA,ACE
004,MD,ACE
004,ME,ACE
004,MI,ACE
004,MN,ACE
151,UT,ACE
151,VA,ACE
151,VI,ACE
151,VT,ACE
151,WA,ACE
151,WI,ACE
151,WV,ACE
151,WY,ACE
151,ZZ,ACE
154,AK,Independent
154,AL,Independent
154,AR,Independent
154,AZ,Independent
154,CA,Independent
154,CO,Independent
154,CT,Independent
154,DC,Independent
177,AR,Independent
177,AZ,Independent
177,CA,Independent
177,CO,Independent
177,CT,Independent
177,DC,Independent
177,DE,Independent
177,FL,Independent
177,GA,Independent
177,HI,Independent
177,IA,Independent
177,ID,Independent
177,IL,Independent
177,IN,Independent
177,KS,Independent
177,KY,Independent
177,LA,Independent
177,MA,Independent
154,DE,Independent
154,FL,Independent
154,GA,Independent
154,HI,Independent
154,IA,Independent
154,ID,Independent
154,IL,Independent
154,IN,Independent
154,KS,Independent
154,KY,Independent
023,NE,Independent
023,NH,Independent
023,NJ,Independent
023,NM,Independent
023,NV,Independent
023,OH,Independent
023,OK,Independent
032,IN,ACA
032,KS,ACA
032,KY,ACA
032,LA,ACA
032,MA,ACA
032,MD,ACA
032,ME,ACA
119,VI,Independent
119,VT,Independent
119,WA,Independent
119,WI,Independent
119,WV,Independent
119,WY,Independent
119,ZZ,Independent
127,AK,ACA
127,AL,ACA
127,AR,ACA
127,AZ,ACA
127,CA,ACA
127,CO,ACA
127,CT,ACA
127,DC,ACA
127,DE,ACA
127,FL,ACA
127,GA,ACA
127,HI,ACA
127,IA,ACA
127,ID,ACA
127,IL,ACA
127,IN,ACA
127,KS,ACA
127,KY,ACA
127,LA,ACA
127,MA,ACA
127,MD,ACA
002,ME,MWG
002,MI,MWG
002,MN,MWG
002,MO,MWG
002,MS,MWG
002,MT,MWG
002,NC,MWG
002,ND,MWG
002,NE,MWG
002,NH,MWG
002,NJ,MWG
002,NM,MWG
002,NV,MWG
002,OH,MWG
002,OK,MWG
002,OR,MWG
002,PA,MWG
002,PR,MWG
002,RI,MWG
002,SC,MWG
002,SD,MWG
002,TN,MWG
002,TX,MWG
002,UT,MWG
002,VA,MWG
002,VI,MWG
004,PA,ACE
004,PR,ACE
004,RI,ACE
004,SC,ACE
004,SD,ACE
004,TN,ACE
004,TX,ACE
004,UT,ACE
004,VA,ACE
004,VI,ACE
004,VT,ACE
004,WA,ACE
004,WI,ACE
004,WV,ACE
004,WY,ACE
004,ZZ,ACE
005,AK,MWG
005,AL,MWG
005,AR,MWG
005,AZ,MWG
005,CA,MWG
005,CO,MWG
005,CT,MWG
005,DC,MWG
005,DE,MWG
005,FL,MWG
005,GA,MWG
005,HI,MWG
005,IA,MWG
005,ID,MWG
005,IL,MWG
005,IN,MWG
005,KS,MWG
005,KY,MWG
005,LA,MWG
005,MA,MWG
005,MD,MWG
005,ME,MWG
005,MI,MWG
005,MN,MWG
005,MO,MWG
005,MS,MWG
005,MT,MWG
005,NC,MWG
005,ND,MWG
005,NE,MWG
005,NH,MWG
005,NJ,MWG
005,NM,MWG
005,NV,MWG
005,OH,MWG
005,OK,MWG
005,OR,MWG
005,PA,MWG
005,PR,MWG
005,RI,MWG
005,SC,MWG
005,SD,MWG
005,TN,MWG
005,TX,MWG
005,UT,MWG
005,VA,MWG
005,VI,MWG
005,VT,MWG
005,WA,MWG
005,WI,MWG
005,WV,MWG
005,WY,MWG
005,ZZ,MWG
006,AK,ACG
006,AL,ACG
119,LA,Independent
119,MA,Independent
119,MD,Independent
119,ME,Independent
119,MI,Independent
119,MN,Independent
119,MO,Independent
119,MS,Independent
137,OH,Independent
137,OK,Independent
137,OR,Independent
137,PA,Independent
137,PR,Independent
137,RI,Independent
137,SC,Independent
137,SD,Independent
057,VT,Independent
057,WA,Independent
057,WI,Independent
033,MD,ACE
033,ME,ACE
033,MI,ACE
033,MN,ACE
033,MO,ACE
033,MS,ACE
033,MT,ACE
033,NC,ACE
033,ND,ACE
033,NE,ACE
033,NH,ACE
033,NJ,ACE
033,NM,ACE
033,NV,ACE
033,OH,ACE
033,OK,ACE
033,OR,ACE
033,PA,ACE
033,PR,ACE
033,RI,ACE
033,SC,ACE
033,SD,ACE
033,TN,ACE
033,TX,ACE
033,UT,ACE
033,VA,ACE
033,VI,ACE
033,VT,ACE
033,WA,ACE
033,WI,ACE
033,WV,ACE
033,WY,ACE
033,ZZ,ACE
034,AK,ACA
034,AL,ACA
034,AR,ACA
034,AZ,ACA
034,CA,ACA
034,CO,ACA
034,CT,ACA
066,VA,MWG
119,MT,Independent
119,NC,Independent
119,ND,Independent
119,NE,Independent
119,NH,Independent
119,NJ,Independent
119,NM,Independent
119,NV,Independent
119,OH,Independent
119,OK,Independent
119,OR,Independent
119,PA,Independent
119,PR,Independent
119,RI,Independent
119,SC,Independent
119,SD,Independent
119,TN,Independent
119,TX,Independent
119,UT,Independent
119,VA,Independent
160,CT,Independent
160,DC,Independent
160,DE,Independent
160,FL,Independent
128,WA,ACE
128,WI,ACE
128,WV,ACE
128,WY,ACE
128,ZZ,ACE
006,KS,ACG
006,KY,ACG
006,LA,ACG
006,MA,ACG
006,MD,ACG
006,ME,ACG
006,MI,ACG
006,MN,ACG
006,MO,ACG
006,MS,ACG
006,MT,ACG
006,NC,ACG
006,ND,ACG
006,NE,ACG
006,NH,ACG
006,NJ,ACG
006,NM,ACG
006,NV,ACG
006,OH,ACG
006,OK,ACG
127,NV,ACA
127,SC,ACA
127,SD,ACA
127,TN,ACA
127,TX,ACA
127,UT,ACA
127,VA,ACA
127,VI,ACA
127,VT,ACA
127,WA,ACA
127,WI,ACA
127,WV,ACA
127,WY,ACA
127,ZZ,ACA
128,AK,ACE
128,AL,ACE
128,AR,ACE
128,AZ,ACE
128,CA,ACE
128,CO,ACE
128,CT,ACE
128,DC,ACE
128,DE,ACE
128,FL,ACE
128,GA,ACE
128,HI,ACE
128,IA,ACE
128,ID,ACE
128,IL,ACE
128,IN,ACE
128,KS,ACE
128,KY,ACE
137,CO,Independent
137,CT,Independent
137,DC,Independent
137,DE,Independent
137,FL,Independent
137,GA,Independent
137,HI,Independent
137,IA,Independent
137,ID,Independent
137,IL,Independent
137,IN,Independent
001,NH,ACE
001,NJ,ACE
001,NM,ACE
001,NV,ACE
001,OH,ACE
001,OK,ACE
001,OR,ACE
001,PA,ACE
001,PR,ACE
001,RI,ACE
001,SC,ACE
001,SD,ACE
001,TN,ACE
001,TX,ACE
000,AK,Independent
000,AL,Independent
000,AR,Independent
000,AZ,Independent
000,CA,Independent
000,CO,Independent
000,CT,Independent
000,DC,Independent
000,DE,Independent
000,FL,Independent
000,GA,Independent
000,HI,Independent
000,IA,Independent
000,ID,Independent
000,IL,Independent
000,IN,Independent
000,KS,Independent
000,KY,Independent
000,LA,Independent
000,MA,Independent
000,MD,Independent
000,ME,Independent
000,MI,Independent
000,MN,Independent
000,MO,Independent
000,MS,Independent
000,MT,Independent
000,NC,Independent
000,ND,Independent
000,NE,Independent
000,NH,Independent
000,NJ,Independent
000,NM,Independent
000,NV,Independent
000,OH,Independent
000,OK,Independent
000,OR,Independent
000,PA,Independent
000,PR,Independent
006,OR,ACG
006,PA,ACG
006,PR,ACG
006,RI,ACG
006,SC,ACG
006,SD,ACG
006,TN,ACG
006,TX,ACG
006,UT,ACG
006,VA,ACG
006,VI,ACG
154,LA,Independent
154,MA,Independent
154,MD,Independent
154,ME,Independent
154,MI,Independent
154,MN,Independent
154,MO,Independent
154,MS,Independent
006,VT,ACG
006,WA,ACG
006,WI,ACG
006,WV,ACG
006,WY,ACG
006,ZZ,ACG
137,KS,Independent
137,KY,Independent
137,LA,Independent
001,MO,ACE
001,MS,ACE
001,MT,ACE
001,NC,ACE
001,ND,ACE
001,NE,ACE
127,OH,ACA
127,OK,ACA
127,OR,ACA
127,PA,ACA
127,PR,ACA
127,RI,ACA
004,MO,ACE
004,MS,ACE
004,MT,ACE
004,NC,ACE
004,ND,ACE
004,NE,ACE
004,NH,ACE
004,NJ,ACE
004,NM,ACE
004,NV,ACE
004,OH,ACE
004,OK,ACE
004,OR,ACE
128,NH,ACE
128,NJ,ACE
128,NM,ACE
128,NV,ACE
034,OR,ACA
034,PA,ACA
034,PR,ACA
034,RI,ACA
034,SC,ACA
034,SD,ACA
034,TN,ACA
034,TX,ACA
034,UT,ACA
034,VA,ACA
034,VI,ACA
034,VT,ACA
034,WA,ACA
034,WI,ACA
034,WV,ACA
034,WY,ACA
034,ZZ,ACA
036,AK,ACE
036,AL,ACE
036,AR,ACE
036,AZ,ACE
036,CA,ACE
188,SC,Independent
188,SD,Independent
188,TN,Independent
188,TX,Independent
188,UT,Independent
188,VA,Independent
188,VI,Independent
188,VT,Independent
188,WA,Independent
188,WI,Independent
188,WV,Independent
188,WY,Independent
188,ZZ,Independent
189,AK,Independent
189,AL,Independent
189,AR,Independent
189,AZ,Independent
189,CA,Independent
189,CO,Independent
189,CT,Independent
189,DC,Independent
189,DE,Independent
189,FL,Independent
189,GA,Independent
189,HI,Independent
057,PA,Independent
057,PR,Independent
057,RI,Independent
045,OH,AAA NE
045,OK,AAA NE
045,OR,AAA NE
045,PA,AAA NE
045,PR,AAA NE
045,RI,AAA NE
045,SC,AAA NE
045,SD,AAA NE
045,TN,AAA NE
045,TX,AAA NE
045,UT,AAA NE
045,VA,AAA NE
045,VI,AAA NE
045,VT,AAA NE
045,WA,AAA NE
045,WI,AAA NE
045,WV,AAA NE
045,WY,AAA NE
045,ZZ,AAA NE
047,AK,ACG
047,AL,ACG
047,AR,ACG
047,AZ,ACG
047,CA,ACG
047,CO,ACG
047,CT,ACG
047,DC,ACG
047,DE,ACG
047,FL,ACG
047,GA,ACG
047,HI,ACG
047,IA,ACG
047,ID,ACG
047,IL,ACG
047,IN,ACG
047,KS,ACG
047,KY,ACG
047,LA,ACG
047,MA,ACG
047,MD,ACG
047,ME,ACG
047,MI,ACG
047,MN,ACG
047,MO,ACG
047,MS,ACG
047,MT,ACG
047,NC,ACG
047,ND,ACG
047,NE,ACG
047,NH,ACG
047,NJ,ACG
047,NM,ACG
047,NV,ACG
047,OH,ACG
047,OK,ACG
047,OR,ACG
164,DC,ACA
164,DE,ACA
164,FL,ACA
164,GA,ACA
164,HI,ACA
164,IA,ACA
065,SC,ACE
065,SD,ACE
065,TN,ACE
065,TX,ACE
065,UT,ACE
065,VA,ACE
065,VI,ACE
065,VT,ACE
113,SD,ACG
113,TN,ACG
113,TX,ACG
113,UT,ACG
113,VA,ACG
113,VI,ACG
113,VT,ACG
113,WA,ACG
113,WI,ACG
113,WV,ACG
113,WY,ACG
113,ZZ,ACG
133,MS,ACA
133,MT,ACA
133,NC,ACA
133,ND,ACA
133,NE,ACA
133,NH,ACA
133,NJ,ACA
133,NM,ACA
133,NV,ACA
133,OH,ACA
133,OK,ACA
133,OR,ACA
133,PA,ACA
133,PR,ACA
133,RI,ACA
133,SC,ACA
133,SD,ACA
164,ID,ACA
164,IL,ACA
164,IN,ACA
164,KS,ACA
164,KY,ACA
164,LA,ACA
066,VI,MWG
066,VT,MWG
066,WA,MWG
066,WI,MWG
066,WV,MWG
066,WY,MWG
133,TN,ACA
133,TX,ACA
133,UT,ACA
133,VA,ACA
133,VI,ACA
034,DE,ACA
034,FL,ACA
034,GA,ACA
034,HI,ACA
034,IA,ACA
034,ID,ACA
034,IL,ACA
034,IN,ACA
034,KS,ACA
036,CO,ACE
036,CT,ACE
036,DC,ACE
036,DE,ACE
036,FL,ACE
036,GA,ACE
036,HI,ACE
036,IA,ACE
036,ID,ACE
036,IL,ACE
135,GA,Independent
135,HI,Independent
135,IA,Independent
135,ID,Independent
135,IL,Independent
135,IN,Independent
135,KS,Independent
135,KY,Independent
135,LA,Independent
135,MA,Independent
135,MD,Independent
135,ME,Independent
074,PA,AAA NE
074,PR,AAA NE
074,RI,AAA NE
074,SC,AAA NE
116,WY,Independent
116,ZZ,Independent
117,AK,Independent
117,AL,Independent
117,AR,Independent
117,AZ,Independent
117,CA,Independent
117,CO,Independent
117,CT,Independent
117,DC,Independent
117,DE,Independent
117,FL,Independent
117,GA,Independent
117,HI,Independent
036,IN,ACE
036,KS,ACE
036,KY,ACE
036,LA,ACE
036,MA,ACE
036,MD,ACE
036,ME,ACE
036,MI,ACE
036,MN,ACE
036,MO,ACE
036,MS,ACE
036,MT,ACE
036,NC,ACE
036,ND,ACE
036,NE,ACE
036,NH,ACE
036,NJ,ACE
036,NM,ACE
036,NV,ACE
036,OH,ACE
036,OK,ACE
036,OR,ACE
036,PA,ACE
036,PR,ACE
036,RI,ACE
036,SC,ACE
036,SD,ACE
036,TN,ACE
036,TX,ACE
036,UT,ACE
036,VA,ACE
036,VI,ACE
036,VT,ACE
036,WA,ACE
036,WI,ACE
036,WV,ACE
074,SD,AAA NE
074,TN,AAA NE
074,TX,AAA NE
074,UT,AAA NE
074,VA,AAA NE
074,VI,AAA NE
074,VT,AAA NE
074,WA,AAA NE
117,MI,Independent
117,MN,Independent
117,MO,Independent
117,MS,Independent
117,MT,Independent
117,NC,Independent
117,ND,Independent
117,NE,Independent
117,NH,Independent
117,NJ,Independent
117,NM,Independent
117,NV,Independent
117,OH,Independent
117,OK,Independent
117,OR,Independent
117,PA,Independent
117,PR,Independent
117,RI,Independent
117,SC,Independent
117,SD,Independent
117,TN,Independent
117,TX,Independent
117,UT,Independent
117,VA,Independent
117,VI,Independent
117,VT,Independent
176,TN,ACA
176,TX,ACA
176,UT,ACA
176,VA,ACA
176,VI,ACA
176,VT,ACA
176,WA,ACA
176,WI,ACA
176,WV,ACA
176,WY,ACA
176,ZZ,ACA
177,AK,Independent
177,AL,Independent
066,OK,MWG
066,OR,MWG
066,PA,MWG
066,PR,MWG
066,RI,MWG
066,SC,MWG
066,SD,MWG
066,TN,MWG
066,TX,MWG
066,UT,MWG
075,MI,AAA NE
177,MD,Independent
177,ME,Independent
177,MI,Independent
177,MN,Independent
177,MO,Independent
177,MS,Independent
177,MT,Independent
177,NC,Independent
177,ND,Independent
177,NE,Independent
007,AK,ACA
007,AL,ACA
007,AR,ACA
007,AZ,ACA
000,RI,Independent
000,SC,Independent
000,SD,Independent
000,TN,Independent
000,TX,Independent
000,UT,Independent
000,VA,Independent
000,VI,Independent
000,VT,Independent
000,WA,Independent
000,WI,Independent
000,WV,Independent
000,WY,Independent
000,ZZ,Independent
001,AK,ACE
001,AL,ACE
001,AR,ACE
001,AZ,ACE
001,CA,ACE
001,CO,ACE
001,CT,ACE
001,DC,ACE
001,DE,ACE
001,FL,ACE
001,GA,ACE
001,HI,ACE
001,IA,ACE
001,UT,ACE
001,VA,ACE
001,VI,ACE
001,VT,ACE
001,WA,ACE
001,WI,ACE
001,WV,ACE
001,WY,ACE
001,ZZ,ACE
002,AK,MWG
002,AL,MWG
002,AR,MWG
002,AZ,MWG
002,CA,MWG
002,CO,MWG
002,CT,MWG
002,DC,MWG
002,DE,MWG
002,FL,MWG
002,GA,MWG
151,NM,ACE
151,NV,ACE
151,OH,ACE
151,OK,ACE
151,OR,ACE
151,PA,ACE
151,PR,ACE
151,RI,ACE
151,SC,ACE
151,SD,ACE
151,TN,ACE
151,TX,ACE
177,NH,Independent
177,NJ,Independent
177,NM,Independent
177,NV,Independent
177,OH,Independent
177,OK,Independent
177,OR,Independent
177,PA,Independent
177,PR,Independent
133,WA,ACA
133,WI,ACA
133,WV,ACA
133,WY,ACA
133,ZZ,ACA
135,AK,Independent
135,AL,Independent
135,AR,Independent
135,AZ,Independent
135,CA,Independent
135,CO,Independent
135,CT,Independent
135,DC,Independent
135,DE,Independent
135,FL,Independent
160,VI,Independent
160,VT,Independent
160,WA,Independent
160,WI,Independent
160,WV,Independent
160,WY,Independent
160,ZZ,Independent
164,AK,ACA
164,AL,ACA
164,AR,ACA
164,AZ,ACA
164,CA,ACA
164,CO,ACA
164,CT,ACA
188,MI,Independent
188,MN,Independent
188,MO,Independent
188,MS,Independent
188,MT,Independent
188,NC,Independent
188,ND,Independent
188,NE,Independent
188,NH,Independent
188,NJ,Independent
188,NM,Independent
188,NV,Independent
188,OH,Independent
227,NH,ACE
227,NJ,ACE
227,NM,ACE
227,NV,ACE
227,OH,ACE
227,OK,ACE
227,OR,ACE
227,PA,ACE
227,PR,ACE
227,RI,ACE
227,SC,ACE
227,SD,ACE
227,TN,ACE
227,TX,ACE
227,UT,ACE
227,VA,ACE
227,VI,ACE
240,NV,AAA NE
240,NY,AAA NE
240,OH,AAA NE
240,OK,AAA NE
240,OR,AAA NE
240,PA,AAA NE
240,PR,AAA NE
240,RI,AAA NE
240,SC,AAA NE
240,SD,AAA NE
240,TN,AAA NE
240,TX,AAA NE
240,UT,AAA NE
240,VA,AAA NE
240,VI,AAA NE
240,VT,AAA NE
240,WA,AAA NE
240,WI,AAA NE
240,WV,AAA NE
240,WY,AAA NE
240,ZZ,AAA NE
241,AK,ACA
241,AL,ACA
243,AL,ACG
243,AR,ACG
243,AZ,ACG
243,CA,ACG
243,CO,ACG
243,CT,ACG
243,DC,ACG
243,DE,ACG
243,FL,ACG
243,GA,ACG
243,HI,ACG
241,AR,ACA
241,AZ,ACA
241,CA,ACA
241,CO,ACA
241,CT,ACA
241,DC,ACA
241,DE,ACA
241,FL,ACA
241,GA,ACA
241,HI,ACA
241,IA,ACA
115,IN,ACA
115,KS,ACA
115,KY,ACA
115,LA,ACA
115,MA,ACA
115,MD,ACA
115,ME,ACA
115,MI,ACA
115,MN,ACA
115,MO,ACA
115,MS,ACA
115,MT,ACA
115,NC,ACA
115,ND,ACA
115,NE,ACA
115,NH,ACA
115,NJ,ACA
115,NM,ACA
115,NV,ACA
115,OH,ACA
115,OK,ACA
115,OR,ACA
115,PA,ACA
115,PR,ACA
115,RI,ACA
115,SC,ACA
115,SD,ACA
115,TN,ACA
115,TX,ACA
115,UT,ACA
115,VA,ACA
115,VI,ACA
115,VT,ACA
115,WA,ACA
115,WI,ACA
115,WV,ACA
115,WY,ACA
115,ZZ,ACA
130,AK,ACA
130,AL,ACA
130,AR,ACA
130,AZ,ACA
130,CA,ACA
130,CO,ACA
130,CT,ACA
130,DC,ACA
130,DE,ACA
130,FL,ACA
130,GA,ACA
130,HI,ACA
130,IA,ACA
130,ID,ACA
130,IL,ACA
130,IN,ACA
130,KS,ACA
130,KY,ACA
130,LA,ACA
130,MA,ACA
130,MD,ACA
130,ME,ACA
130,MI,ACA
130,MN,ACA
130,MO,ACA
130,MS,ACA
130,MT,ACA
130,NC,ACA
130,ND,ACA
130,NE,ACA
130,NH,ACA
130,NJ,ACA
130,NM,ACA
130,NV,ACA
130,OH,ACA
130,OK,ACA
130,OR,ACA
130,PA,ACA
130,PR,ACA
130,RI,ACA
130,SC,ACA
130,SD,ACA
130,TN,ACA
130,TX,ACA
130,UT,ACA
130,VA,ACA
130,VI,ACA
130,VT,ACA
130,WA,ACA
130,WI,ACA
130,WV,ACA
130,WY,ACA
130,ZZ,ACA
241,IL,ACA
241,IN,ACA
241,KS,ACA
241,KY,ACA
241,LA,ACA
241,ID,ACA
238,MD,Independent
238,ME,Independent
238,MI,Independent
238,MN,Independent
238,MO,Independent
116,NH,Independent
116,NJ,Independent
116,NM,Independent
007,ZZ,ACA
008,AK,AAA NE
008,AL,AAA NE
008,AR,AAA NE
008,AZ,AAA NE
008,CA,AAA NE
008,CO,AAA NE
008,CT,AAA NE
008,DC,AAA NE
008,DE,AAA NE
008,FL,AAA NE
008,GA,AAA NE
116,NV,Independent
116,OH,Independent
116,OK,Independent
116,OR,Independent
116,PA,Independent
116,PR,Independent
116,RI,Independent
116,SC,Independent
116,SD,Independent
116,TN,Independent
116,TX,Independent
116,UT,Independent
116,VA,Independent
116,VI,Independent
116,VT,Independent
116,WA,Independent
116,WI,Independent
116,WV,Independent
034,KY,ACA
034,LA,ACA
034,MA,ACA
034,MD,ACA
034,ME,ACA
034,MI,ACA
034,MN,ACA
034,MO,ACA
034,MS,ACA
034,MT,ACA
034,NC,ACA
034,ND,ACA
034,NE,ACA
034,NH,ACA
034,NJ,ACA
034,NM,ACA
034,NV,ACA
034,OH,ACA
034,OK,ACA
012,IN,Independent
012,KS,Independent
012,KY,Independent
012,LA,Independent
012,MA,Independent
012,MD,Independent
012,ME,Independent
012,MI,Independent
012,MN,Independent
012,MO,Independent
012,MS,Independent
012,MT,Independent
012,NC,Independent
012,ND,Independent
012,NE,Independent
012,NH,Independent
012,NJ,Independent
012,NM,Independent
012,NV,Independent
012,OH,Independent
012,OK,Independent
012,OR,Independent
012,PA,Independent
012,PR,Independent
012,RI,Independent
012,SC,Independent
012,SD,Independent
012,TN,Independent
012,TX,Independent
012,UT,Independent
012,VA,Independent
012,VI,Independent
012,VT,Independent
012,WA,Independent
012,WI,Independent
012,WV,Independent
012,WY,Independent
012,ZZ,Independent
014,AK,ACG
014,AL,ACG
014,AR,ACG
014,AZ,ACG
014,CA,ACG
014,CO,ACG
014,CT,ACG
014,DC,ACG
014,DE,ACG
014,FL,ACG
014,GA,ACG
014,HI,ACG
014,IA,ACG
014,ID,ACG
014,IL,ACG
014,IN,ACG
014,KS,ACG
014,KY,ACG
014,LA,ACG
014,MA,ACG
014,MD,ACG
014,ME,ACG
014,MI,ACG
014,MN,ACG
014,MO,ACG
014,MS,ACG
014,MT,ACG
014,NC,ACG
014,ND,ACG
014,NE,ACG
014,NH,ACG
014,NJ,ACG
014,NM,ACG
014,NV,ACG
014,OH,ACG
014,OK,ACG
014,OR,ACG
014,PA,ACG
014,PR,ACG
014,RI,ACG
014,SC,ACG
014,SD,ACG
014,TN,ACG
014,TX,ACG
014,UT,ACG
014,VA,ACG
014,VI,ACG
014,VT,ACG
014,WA,ACG
014,WI,ACG
014,WV,ACG
014,WY,ACG
022,AZ,Independent
022,CA,Independent
022,CO,Independent
022,CT,Independent
022,DC,Independent
022,DE,Independent
022,FL,Independent
022,GA,Independent
022,HI,Independent
022,IA,Independent
022,ID,Independent
022,IL,Independent
022,IN,Independent
022,KS,Independent
022,KY,Independent
022,LA,Independent
022,MA,Independent
022,MD,Independent
022,ME,Independent
022,MI,Independent
022,MN,Independent
022,MO,Independent
022,MS,Independent
022,MT,Independent
022,NC,Independent
022,ND,Independent
022,NE,Independent
022,NH,Independent
022,NJ,Independent
022,NM,Independent
022,NV,Independent
022,OH,Independent
022,OK,Independent
022,OR,Independent
022,PA,Independent
022,PR,Independent
022,RI,Independent
022,SC,Independent
022,SD,Independent
022,TN,Independent
022,TX,Independent
022,UT,Independent
022,VA,Independent
022,VI,Independent
022,VT,Independent
022,WA,Independent
022,WI,Independent
022,WV,Independent
022,WY,Independent
022,ZZ,Independent
023,AK,Independent
023,AL,Independent
023,AR,Independent
023,AZ,Independent
023,CA,Independent
023,CO,Independent
023,CT,Independent
023,DC,Independent
023,DE,Independent
023,FL,Independent
023,GA,Independent
023,HI,Independent
023,IA,Independent
008,HI,AAA NE
008,IA,AAA NE
008,ID,AAA NE
008,IL,AAA NE
189,RI,Independent
189,SC,Independent
189,SD,Independent
189,TN,Independent
189,TX,Independent
189,UT,Independent
189,VA,Independent
189,VI,Independent
189,VT,Independent
189,WA,Independent
189,WI,Independent
189,WV,Independent
189,WY,Independent
189,ZZ,Independent
195,AK,Independent
195,AL,Independent
195,AR,Independent
195,AZ,Independent
195,CA,Independent
195,CO,Independent
195,CT,Independent
195,DC,Independent
195,DE,Independent
195,FL,Independent
195,GA,Independent
195,HI,Independent
195,IA,Independent
195,ID,Independent
195,IL,Independent
195,IN,Independent
195,KS,Independent
195,KY,Independent
195,LA,Independent
195,MA,Independent
195,MD,Independent
195,ME,Independent
195,MI,Independent
195,MN,Independent
195,MO,Independent
195,MS,Independent
195,MT,Independent
195,NC,Independent
195,ND,Independent
195,TX,Independent
195,UT,Independent
195,VA,Independent
195,VI,Independent
008,IN,AAA NE
008,KS,AAA NE
008,KY,AAA NE
008,LA,AAA NE
008,MA,AAA NE
008,MD,AAA NE
008,ME,AAA NE
008,MI,AAA NE
014,ZZ,ACG
018,AK,ACE
018,AL,ACE
018,AR,ACE
018,AZ,ACE
018,CA,ACE
018,CO,ACE
018,CT,ACE
018,DC,ACE
018,DE,ACE
116,AK,Independent
007,ID,ACA
007,IL,ACA
007,IN,ACA
007,KS,ACA
007,KY,ACA
007,LA,ACA
007,MA,ACA
007,MD,ACA
007,ME,ACA
007,MI,ACA
007,MN,ACA
007,MO,ACA
007,MS,ACA
007,MT,ACA
007,NC,ACA
007,ND,ACA
007,NE,ACA
007,NH,ACA
007,NJ,ACA
007,NM,ACA
057,AK,Independent
057,AL,Independent
057,AR,Independent
057,AZ,Independent
057,CA,Independent
160,VA,Independent
116,AL,Independent
116,AR,Independent
116,AZ,Independent
116,CA,Independent
116,CO,Independent
116,CT,Independent
116,DC,Independent
116,DE,Independent
116,FL,Independent
116,GA,Independent
116,HI,Independent
116,IA,Independent
116,ID,Independent
116,IL,Independent
042,IA,AAA NE
042,ID,AAA NE
042,IL,AAA NE
042,IN,AAA NE
042,KS,AAA NE
042,KY,AAA NE
042,LA,AAA NE
042,MA,AAA NE
042,MD,AAA NE
042,ME,AAA NE
042,MI,AAA NE
042,MN,AAA NE
042,MO,AAA NE
042,MS,AAA NE
042,MT,AAA NE
042,NC,AAA NE
042,ND,AAA NE
042,NE,AAA NE
042,NH,AAA NE
078,PR,Independent
078,RI,Independent
078,SC,Independent
078,SD,Independent
078,TN,Independent
078,TX,Independent
078,UT,Independent
078,VA,Independent
078,VI,Independent
078,VT,Independent
078,WA,Independent
078,WI,Independent
078,WV,Independent
078,WY,Independent
078,ZZ,Independent
080,NY,Independent
212,MT,ACA
212,NC,ACA
212,ND,ACA
212,NE,ACA
212,NH,ACA
212,NJ,ACA
212,NM,ACA
212,NV,ACA
212,OH,ACA
212,OK,ACA
212,OR,ACA
212,PA,ACA
212,PR,ACA
212,RI,ACA
212,SC,ACA
212,SD,ACA
212,TN,ACA
212,TX,ACA
212,UT,ACA
212,VA,ACA
212,VI,ACA
212,VT,ACA
212,WA,ACA
212,WI,ACA
212,WV,ACA
212,WY,ACA
215,WI,ACE
215,WV,ACE
215,WY,ACE
215,ZZ,ACE
216,AK,ACE
216,AL,ACE
216,AR,ACE
216,AZ,ACE
216,CA,ACE
216,CO,ACE
216,CT,ACE
216,DC,ACE
216,DE,ACE
212,ZZ,ACA
215,AK,ACE
215,AL,ACE
215,AR,ACE
215,AZ,ACE
215,CA,ACE
215,CO,ACE
215,CT,ACE
215,DC,ACE
215,DE,ACE
215,FL,ACE
215,GA,ACE
215,HI,ACE
215,IA,ACE
215,ID,ACE
215,IL,ACE
215,IN,ACE
215,KS,ACE
215,KY,ACE
215,LA,ACE
215,MA,ACE
215,MD,ACE
215,ME,ACE
215,MI,ACE
215,MN,ACE
215,MO,ACE
215,MS,ACE
215,MT,ACE
215,NC,ACE
215,ND,ACE
215,NE,ACE
215,NH,ACE
215,NJ,ACE
215,NM,ACE
195,VT,Independent
195,WA,Independent
195,WI,Independent
195,WV,Independent
195,WY,Independent
195,ZZ,Independent
201,AK,Independent
201,AL,Independent
201,AR,Independent
201,AZ,Independent
201,CA,Independent
201,CO,Independent
201,CT,Independent
201,DC,Independent
215,NV,ACE
215,OH,ACE
215,OK,ACE
215,OR,ACE
215,PA,ACE
215,PR,ACE
215,RI,ACE
215,SC,ACE
215,SD,ACE
215,TN,ACE
215,TX,ACE
215,UT,ACE
215,VA,ACE
215,VI,ACE
215,VT,ACE
215,WA,ACE
212,IL,ACA
212,IN,ACA
212,KS,ACA
212,KY,ACA
212,LA,ACA
212,MA,ACA
066,ND,MWG
066,NE,MWG
066,NH,MWG
066,NJ,MWG
066,NM,MWG
066,NV,MWG
066,OH,MWG
164,VA,ACA
164,VI,ACA
164,VT,ACA
164,WA,ACA
164,WI,ACA
164,WV,ACA
164,WY,ACA
164,ZZ,ACA
176,AK,ACA
176,AL,ACA
176,AR,ACA
176,AZ,ACA
176,CA,ACA
176,CO,ACA
176,CT,ACA
176,DC,ACA
176,DE,ACA
176,FL,ACA
176,GA,ACA
176,HI,ACA
176,IA,ACA
176,ID,ACA
176,IL,ACA
176,IN,ACA
176,KS,ACA
176,KY,ACA
176,LA,ACA
176,MA,ACA
176,MD,ACA
176,ME,ACA
176,MI,ACA
176,MN,ACA
176,MO,ACA
176,MS,ACA
176,MT,ACA
176,NC,ACA
212,MD,ACA
212,ME,ACA
212,MI,ACA
212,MN,ACA
212,MO,ACA
212,MS,ACA
078,HI,Independent
078,IA,Independent
078,ID,Independent
078,IL,Independent
078,IN,Independent
078,KS,Independent
078,KY,Independent
078,LA,Independent
078,MA,Independent
078,MD,Independent
078,ME,Independent
078,MI,Independent
078,MN,Independent
078,MO,Independent
078,MS,Independent
078,MT,Independent
078,NC,Independent
078,ND,Independent
078,NE,Independent
078,NH,Independent
078,NJ,Independent
078,NM,Independent
078,NV,Independent
078,OH,Independent
078,OK,Independent
078,OR,Independent
078,PA,Independent
007,NV,ACA
007,OH,ACA
007,OK,ACA
007,OR,ACA
007,PA,ACA
007,PR,ACA
007,RI,ACA
007,SC,ACA
007,SD,ACA
007,TN,ACA
007,TX,ACA
007,UT,ACA
007,VA,ACA
007,VI,ACA
007,VT,ACA
007,WA,ACA
007,WI,ACA
007,WV,ACA
007,WY,ACA
044,LA,Independent
044,MA,Independent
044,MD,Independent
044,ME,Independent
044,MI,Independent
044,MN,Independent
044,MO,Independent
044,MS,Independent
044,MT,Independent
044,NC,Independent
044,ND,Independent
044,NE,Independent
044,NH,Independent
044,NJ,Independent
044,NM,Independent
044,NV,Independent
044,OH,Independent
044,OK,Independent
044,OR,Independent
044,PA,Independent
044,PR,Independent
044,ZZ,Independent
045,AK,AAA NE
045,AL,AAA NE
045,AR,AAA NE
045,AZ,AAA NE
045,CA,AAA NE
045,CO,AAA NE
045,CT,AAA NE
045,DC,AAA NE
045,DE,AAA NE
045,FL,AAA NE
045,GA,AAA NE
045,HI,AAA NE
045,IA,AAA NE
045,ID,AAA NE
045,IL,AAA NE
045,IN,AAA NE
045,KS,AAA NE
045,KY,AAA NE
045,LA,AAA NE
045,MA,AAA NE
128,LA,ACE
128,MA,ACE
128,MD,ACE
128,ME,ACE
128,MI,ACE
128,MN,ACE
128,MO,ACE
128,MS,ACE
128,MT,ACE
128,NC,ACE
128,ND,ACE
128,NE,ACE
007,CA,ACA
007,CO,ACA
007,CT,ACA
007,DC,ACA
007,DE,ACA
007,FL,ACA
007,GA,ACA
007,HI,ACA
154,OH,Independent
154,OK,Independent
154,OR,Independent
154,PA,Independent
154,PR,Independent
065,LA,ACE
065,MA,ACE
065,MD,ACE
065,ME,ACE
065,MI,ACE
065,MN,ACE
065,MO,ACE
065,MS,ACE
065,MT,ACE
065,NC,ACE
065,ND,ACE
065,NE,ACE
065,NH,ACE
065,NJ,ACE
065,NM,ACE
065,NV,ACE
065,OH,ACE
065,OK,ACE
065,OR,ACE
065,PA,ACE
001,ID,ACE
001,IL,ACE
001,IN,ACE
001,KS,ACE
001,KY,ACE
001,LA,ACE
001,MA,ACE
001,MD,ACE
001,ME,ACE
001,MI,ACE
001,MN,ACE
002,HI,MWG
002,IA,MWG
002,ID,MWG
002,IL,MWG
002,IN,MWG
002,KS,MWG
002,KY,MWG
002,LA,MWG
080,ZZ,Independent
083,NY,Independent
083,ZZ,Independent
084,NY,Independent
084,ZZ,Independent
097,NY,AAA NE
097,ZZ,AAA NE
104,NY,Independent
042,NJ,AAA NE
042,NM,AAA NE
042,NV,AAA NE
042,OH,AAA NE
002,MA,MWG
002,MD,MWG
057,MA,Independent
057,MD,Independent
057,ME,Independent
057,MI,Independent
007,IA,ACA
154,MT,Independent
154,NC,Independent
154,ND,Independent
154,NE,Independent
154,NH,Independent
154,NJ,Independent
154,NM,Independent
154,NV,Independent
044,RI,Independent
044,SC,Independent
044,SD,Independent
044,TN,Independent
044,TX,Independent
044,UT,Independent
044,VA,Independent
044,VI,Independent
044,VT,Independent
044,WA,Independent
044,WI,Independent
044,WV,Independent
044,WY,Independent
057,CO,Independent
057,CT,Independent
057,DC,Independent
057,DE,Independent
057,FL,Independent
057,GA,Independent
057,HI,Independent
057,IA,Independent
111,ND,ACG
111,NE,ACG
111,NH,ACG
111,NJ,ACG
111,NM,ACG
111,NV,ACG
111,OH,ACG
075,MN,AAA NE
075,MO,AAA NE
075,MS,AAA NE
075,MT,AAA NE
075,NC,AAA NE
075,ND,AAA NE
075,NE,AAA NE
075,NH,AAA NE
075,NJ,AAA NE
075,NM,AAA NE
075,NV,AAA NE
074,MO,AAA NE
074,MS,AAA NE
074,MT,AAA NE
074,NC,AAA NE
074,ND,AAA NE
074,NE,AAA NE
074,NH,AAA NE
074,NJ,AAA NE
074,NM,AAA NE
074,NV,AAA NE
074,OH,AAA NE
074,OK,AAA NE
074,OR,AAA NE
042,AK,AAA NE
042,AL,AAA NE
042,AR,AAA NE
042,AZ,AAA NE
042,CA,AAA NE
042,CO,AAA NE
042,CT,AAA NE
042,DC,AAA NE
042,DE,AAA NE
042,FL,AAA NE
042,GA,AAA NE
042,HI,AAA NE
111,WV,ACG
111,WY,ACG
111,ZZ,ACG
112,AK,Independent
112,AL,Independent
112,AR,Independent
112,AZ,Independent
112,CA,Independent
071,ID,Independent
071,IL,Independent
071,IN,Independent
071,KS,Independent
071,KY,Independent
071,LA,Independent
071,MA,Independent
071,MD,Independent
071,ME,Independent
071,MI,Independent
071,MN,Independent
071,MO,Independent
071,MS,Independent
071,MT,Independent
071,NC,Independent
133,IA,ACA
133,ID,ACA
133,IL,ACA
133,IN,ACA
133,KS,ACA
133,KY,ACA
133,LA,ACA
133,MA,ACA
133,MD,ACA
133,ME,ACA
133,MI,ACA
133,MN,ACA
133,MO,ACA
113,GA,ACG
113,HI,ACG
113,IA,ACG
113,ID,ACG
113,IL,ACG
113,IN,ACG
113,KS,ACG
113,KY,ACG
113,LA,ACG
113,MA,ACG
113,MD,ACG
071,ND,Independent
071,NE,Independent
071,NH,Independent
071,NJ,Independent
071,NM,Independent
112,CO,Independent
112,CT,Independent
112,DC,Independent
112,DE,Independent
112,FL,Independent
112,GA,Independent
112,HI,Independent
112,IA,Independent
112,ID,Independent
112,IL,Independent
112,IN,Independent
112,KS,Independent
112,KY,Independent
112,LA,Independent
112,MA,Independent
112,MD,Independent
071,NV,Independent
071,OH,Independent
071,OK,Independent
071,OR,Independent
071,PA,Independent
071,PR,Independent
071,RI,Independent
201,NH,Independent
201,NJ,Independent
201,NM,Independent
201,NV,Independent
201,OH,Independent
201,OK,Independent
201,OR,Independent
201,PA,Independent
201,PR,Independent
201,RI,Independent
201,SC,Independent
201,SD,Independent
201,TN,Independent
201,TX,Independent
201,UT,Independent
201,VA,Independent
201,VI,Independent
201,VT,Independent
201,WA,Independent
201,WI,Independent
201,WV,Independent
201,WY,Independent
201,ZZ,Independent
212,AK,ACA
216,WA,ACE
216,WI,ACE
216,WV,ACE
216,WY,ACE
216,ZZ,ACE
217,AK,Independent
217,AL,Independent
217,AR,Independent
217,AZ,Independent
217,CA,Independent
217,CO,Independent
270,TX,ACG
270,UT,ACG
270,VA,ACG
270,VI,ACG
270,VT,ACG
270,WA,ACG
270,WI,ACG
270,WV,ACG
270,WY,ACG
270,ZZ,ACG
601,AK,ACE
601,AL,ACE
601,AR,ACE
601,AZ,ACE
601,CA,ACE
601,CO,ACE
601,CT,ACE
601,DC,ACE
601,DE,ACE
601,FL,ACE
601,GA,ACE
601,HI,ACE
601,IA,ACE
601,ID,ACE
601,IL,ACE
601,IN,ACE
601,KS,ACE
601,KY,ACE
601,LA,ACE
601,MA,ACE
252,MI,ACE
252,MN,ACE
252,MO,ACE
252,MS,ACE
252,MT,ACE
252,NC,ACE
252,ND,ACE
252,NE,ACE
252,NH,ACE
252,NJ,ACE
252,NM,ACE
252,NV,ACE
252,OH,ACE
252,OK,ACE
252,OR,ACE
252,PA,ACE
252,PR,ACE
252,RI,ACE
252,SC,ACE
252,SD,ACE
252,TN,ACE
252,TX,ACE
252,UT,ACE
252,VA,ACE
252,VI,ACE
252,VT,ACE
252,WA,ACE
243,IA,ACG
243,ID,ACG
243,IL,ACG
243,IN,ACG
243,KS,ACG
243,KY,ACG
243,LA,ACG
243,MA,ACG
243,MD,ACG
243,ME,ACG
243,MI,ACG
243,MN,ACG
243,MO,ACG
243,MS,ACG
243,MT,ACG
243,NC,ACG
243,ND,ACG
243,NE,ACG
243,NH,ACG
137,TN,Independent
137,TX,Independent
137,UT,Independent
137,VA,Independent
137,VI,Independent
137,VT,Independent
137,WA,Independent
137,WI,Independent
137,WV,Independent
137,WY,Independent
137,ZZ,Independent
151,AK,ACE
151,AL,ACE
151,AR,ACE
151,AZ,ACE
154,RI,Independent
154,SC,Independent
154,SD,Independent
154,TN,Independent
154,TX,Independent
154,UT,Independent
154,VA,Independent
154,VI,Independent
154,VT,Independent
154,WA,Independent
154,WI,Independent
154,WV,Independent
154,WY,Independent
154,ZZ,Independent
158,AK,Independent
158,AL,Independent
158,AR,Independent
158,AZ,Independent
158,CA,Independent
158,CO,Independent
158,CT,Independent
158,DC,Independent
158,DE,Independent
158,FL,Independent
158,GA,Independent
158,HI,Independent
158,IA,Independent
158,ID,Independent
158,IL,Independent
158,IN,Independent
158,KS,Independent
158,KY,Independent
158,LA,Independent
158,MA,Independent
158,MD,Independent
158,ME,Independent
158,MI,Independent
158,MN,Independent
158,MO,Independent
158,MS,Independent
158,MT,Independent
158,NC,Independent
158,ND,Independent
158,NE,Independent
158,NH,Independent
158,NJ,Independent
158,NM,Independent
158,NV,Independent
158,OH,Independent
158,OK,Independent
158,OR,Independent
158,PA,Independent
158,PR,Independent
158,RI,Independent
158,SC,Independent
158,SD,Independent
158,TN,Independent
158,TX,Independent
158,UT,Independent
158,VA,Independent
135,MI,Independent
260,ME,Independent
260,MI,Independent
260,MN,Independent
260,MO,Independent
260,MS,Independent
260,MT,Independent
260,NC,Independent
260,ND,Independent
260,NE,Independent
260,NH,Independent
260,NJ,Independent
260,NM,Independent
260,NV,Independent
260,OH,Independent
260,OK,Independent
260,OR,Independent
260,PA,Independent
601,MD,ACE
601,ME,ACE
601,MI,ACE
601,MN,ACE
601,MO,ACE
601,MS,ACE
601,MT,ACE
601,NC,ACE
601,ND,ACE
601,NE,ACE
601,NH,ACE
601,NJ,ACE
601,NM,ACE
601,NV,ACE
601,OH,ACE
601,OK,ACE
601,OR,ACE
601,PA,ACE
601,PR,ACE
601,RI,ACE
601,SC,ACE
601,SD,ACE
601,TN,ACE
601,TX,ACE
601,UT,ACE
601,VA,ACE
601,VI,ACE
601,VT,ACE
601,WA,ACE
601,WI,ACE
601,WV,ACE
601,WY,ACE
601,ZZ,ACE
950,AK,MWG
950,AL,MWG
950,AR,MWG
950,AZ,MWG
950,CA,MWG
950,CO,MWG
212,AL,ACA
212,AR,ACA
212,AZ,ACA
212,CA,ACA
212,CO,ACA
212,CT,ACA
212,DC,ACA
212,DE,ACA
269,SD,Independent
269,TN,Independent
269,TX,Independent
269,UT,Independent
269,VA,Independent
269,VI,Independent
269,VT,Independent
269,WA,Independent
269,WI,Independent
269,WV,Independent
269,WY,Independent
269,ZZ,Independent
270,AK,ACG
270,AL,ACG
270,AR,ACG
270,AZ,ACG
270,CA,ACG
270,CO,ACG
270,CT,ACG
270,DC,ACG
270,DE,ACG
270,FL,ACG
270,GA,ACG
270,HI,ACG
270,IA,ACG
195,NE,Independent
195,NH,Independent
195,NJ,Independent
195,NM,Independent
195,NV,Independent
195,OH,Independent
195,OK,Independent
195,OR,Independent
195,PA,Independent
195,PR,Independent
195,RI,Independent
195,SC,Independent
195,SD,Independent
195,TN,Independent
270,ID,ACG
270,IL,ACG
270,IN,ACG
270,KS,ACG
270,KY,ACG
270,LA,ACG
270,MA,ACG
270,MD,ACG
270,ME,ACG
270,MI,ACG
270,MN,ACG
270,NH,ACG
270,NJ,ACG
270,NM,ACG
258,CA,ACE
258,CO,ACE
258,CT,ACE
258,DC,ACE
258,DE,ACE
258,FL,ACE
258,GA,ACE
258,HI,ACE
258,IA,ACE
258,ID,ACE
258,IL,ACE
258,IN,ACE
258,KS,ACE
258,KY,ACE
258,LA,ACE
258,MA,ACE
258,MD,ACE
258,ME,ACE
258,MI,ACE
258,MN,ACE
258,MO,ACE
258,MS,ACE
258,MT,ACE
258,NC,ACE
258,ND,ACE
258,NE,ACE
258,NH,ACE
258,NJ,ACE
258,NM,ACE
258,NV,ACE
258,OH,ACE
258,OK,ACE
258,OR,ACE
258,PA,ACE
258,PR,ACE
258,RI,ACE
258,SC,ACE
217,TN,Independent
217,TX,Independent
243,NJ,ACG
243,NM,ACG
243,NV,ACG
243,OH,ACG
217,UT,Independent
217,VA,Independent
217,VI,Independent
217,VT,Independent
217,WA,Independent
217,WI,Independent
217,WV,Independent
217,WY,Independent
270,MO,ACG
270,MS,ACG
270,MT,ACG
270,NC,ACG
270,ND,ACG
270,NE,ACG
212,FL,ACA
212,GA,ACA
212,HI,ACA
212,IA,ACA
212,ID,ACA
269,PR,Independent
269,RI,Independent
269,SC,Independent
260,AL,Independent
260,AR,Independent
260,AZ,Independent
260,CA,Independent
260,CO,Independent
260,CT,Independent
066,ZZ,MWG
069,AK,ACG
069,AL,ACG
069,AR,ACG
069,AZ,ACG
069,CA,ACG
069,CO,ACG
069,CT,ACG
069,DC,ACG
069,DE,ACG
069,FL,ACG
069,GA,ACG
069,HI,ACG
069,IA,ACG
045,MD,AAA NE
045,ME,AAA NE
045,MI,AAA NE
045,MN,AAA NE
045,MO,AAA NE
045,MS,AAA NE
045,MT,AAA NE
045,NC,AAA NE
045,ND,AAA NE
045,NE,AAA NE
045,NH,AAA NE
045,NJ,AAA NE
045,NM,AAA NE
042,WI,AAA NE
042,WV,AAA NE
042,WY,AAA NE
042,ZZ,AAA NE
044,AK,Independent
044,AL,Independent
044,AR,Independent
044,AZ,Independent
044,CA,Independent
178,CO,Independent
178,CT,Independent
178,DC,Independent
178,DE,Independent
178,FL,Independent
178,GA,Independent
178,HI,Independent
178,IA,Independent
178,ID,Independent
178,IL,Independent
178,IN,Independent
178,KS,Independent
178,KY,Independent
178,LA,Independent
178,MA,Independent
178,MD,Independent
178,ME,Independent
178,MI,Independent
178,MN,Independent
178,MO,Independent
178,MS,Independent
178,MT,Independent
178,NC,Independent
178,ND,Independent
178,NE,Independent
178,NH,Independent
178,NJ,Independent
178,NM,Independent
178,NV,Independent
178,OH,Independent
178,OK,Independent
178,OR,Independent
178,PA,Independent
178,PR,Independent
178,RI,Independent
178,SC,Independent
178,SD,Independent
178,TN,Independent
178,TX,Independent
178,UT,Independent
128,OH,ACE
128,OK,ACE
128,OR,ACE
128,PA,ACE
128,PR,ACE
128,RI,ACE
128,SC,ACE
128,SD,ACE
128,TN,ACE
128,TX,ACE
128,UT,ACE
128,VA,ACE
128,VI,ACE
128,VT,ACE
127,ME,ACA
127,MI,ACA
127,MN,ACA
127,MO,ACA
127,MS,ACA
127,MT,ACA
127,NC,ACA
127,ND,ACA
127,NE,ACA
127,NH,ACA
127,NJ,ACA
127,NM,ACA
151,CA,ACE
151,CO,ACE
151,CT,ACE
151,DC,ACE
151,DE,ACE
151,FL,ACE
151,GA,ACE
151,HI,ACE
151,IA,ACE
151,ID,ACE
151,IL,ACE
151,IN,ACE
151,KS,ACE
151,KY,ACE
151,LA,ACE
151,MA,ACE
151,MD,ACE
151,ME,ACE
151,MI,ACE
151,MN,ACE
151,MO,ACE
151,MS,ACE
151,MT,ACE
151,NC,ACE
151,ND,ACE
151,NE,ACE
151,NH,ACE
151,NJ,ACE
158,VI,Independent
158,VT,Independent
158,WA,Independent
158,WI,Independent
158,WV,Independent
158,WY,Independent
158,ZZ,Independent
160,AK,Independent
160,AL,Independent
160,AR,Independent
160,AZ,Independent
160,CA,Independent
160,CO,Independent
036,WY,ACE
036,ZZ,ACE
065,WA,ACE
065,WI,ACE
065,WV,ACE
065,WY,ACE
065,ZZ,ACE
066,AK,MWG
066,AL,MWG
066,AR,MWG
066,AZ,MWG
066,CA,MWG
066,CO,MWG
066,CT,MWG
066,DC,MWG
066,DE,MWG
066,FL,MWG
066,GA,MWG
066,HI,MWG
066,IA,MWG
066,ID,MWG
066,IL,MWG
104,ZZ,Independent
111,AK,ACG
111,AL,ACG
111,AR,ACG
111,AZ,ACG
111,CA,ACG
111,CO,ACG
111,CT,ACG
111,DC,ACG
111,DE,ACG
111,FL,ACG
111,GA,ACG
111,HI,ACG
111,IA,ACG
111,ID,ACG
111,IL,ACG
111,IN,ACG
111,KS,ACG
111,KY,ACG
111,LA,ACG
111,MA,ACG
111,MD,ACG
111,ME,ACG
111,MI,ACG
111,MN,ACG
111,MO,ACG
111,MS,ACG
111,MT,ACG
111,NC,ACG
057,ID,Independent
057,IL,Independent
057,IN,Independent
057,KS,Independent
057,KY,Independent
057,LA,Independent
075,OH,AAA NE
075,OK,AAA NE
075,OR,AAA NE
075,PA,AAA NE
075,PR,AAA NE
075,RI,AAA NE
075,SC,AAA NE
075,SD,AAA NE
075,TN,AAA NE
075,TX,AAA NE
075,UT,AAA NE
075,VA,AAA NE
075,VI,AAA NE
075,VT,AAA NE
075,WA,AAA NE
075,WI,AAA NE
075,WV,AAA NE
075,WY,AAA NE
075,ZZ,AAA NE
057,WV,Independent
057,WY,Independent
057,ZZ,Independent
065,AK,ACE
065,AL,ACE
065,AR,ACE
065,AZ,ACE
065,CA,ACE
065,CO,ACE
065,CT,ACE
065,DC,ACE
065,DE,ACE
065,FL,ACE
065,GA,ACE
065,HI,ACE
065,IA,ACE
065,ID,ACE
065,IL,ACE
065,IN,ACE
065,KS,ACE
065,KY,ACE
078,AK,Independent
078,AL,Independent
078,AR,Independent
078,AZ,Independent
078,CA,Independent
078,CO,Independent
078,CT,Independent
078,DC,Independent
078,DE,Independent
078,FL,Independent
078,GA,Independent
222,CA,Independent
222,CO,Independent
222,CT,Independent
222,DC,Independent
222,DE,Independent
222,FL,Independent
222,GA,Independent
222,HI,Independent
222,IA,Independent
222,ID,Independent
222,IL,Independent
222,IN,Independent
222,KS,Independent
222,KY,Independent
222,LA,Independent
222,MA,Independent
222,MD,Independent
222,ME,Independent
222,MI,Independent
222,MN,Independent
222,MO,Independent
222,MS,Independent
222,MT,Independent
222,NC,Independent
222,ND,Independent
222,NE,Independent
222,NH,Independent
222,NJ,Independent
222,NM,Independent
222,NV,Independent
222,OH,Independent
222,OK,Independent
222,OR,Independent
222,PA,Independent
222,PR,Independent
222,RI,Independent
222,SC,Independent
222,SD,Independent
222,TN,Independent
222,TX,Independent
222,UT,Independent
222,VA,Independent
222,VI,Independent
222,VT,Independent
222,WA,Independent
222,WI,Independent
260,DC,Independent
260,DE,Independent
260,FL,Independent
260,GA,Independent
260,HI,Independent
260,IA,Independent
260,ID,Independent
260,IL,Independent
260,IN,Independent
260,KS,Independent
260,KY,Independent
260,LA,Independent
217,CT,Independent
217,DC,Independent
217,DE,Independent
217,FL,Independent
217,GA,Independent
217,HI,Independent
217,IA,Independent
217,ID,Independent
217,IL,Independent
217,IN,Independent
217,KS,Independent
217,KY,Independent
217,LA,Independent
217,MA,Independent
217,MD,Independent
217,ME,Independent
217,MI,Independent
217,MN,Independent
217,MO,Independent
217,MS,Independent
217,MT,Independent
217,NC,Independent
217,ND,Independent
217,NE,Independent
217,NH,Independent
217,NJ,Independent
217,NM,Independent
217,NV,Independent
217,OH,Independent
217,OK,Independent
217,OR,Independent
217,PA,Independent
217,PR,Independent
217,RI,Independent
217,SC,Independent
217,SD,Independent
260,MA,Independent
260,MD,Independent
008,MN,AAA NE
008,MO,AAA NE
008,MS,AAA NE
008,MT,AAA NE
008,NC,AAA NE
008,ND,AAA NE
023,ID,Independent
023,IL,Independent
023,IN,Independent
023,KS,Independent
023,KY,Independent
023,LA,Independent
023,MA,Independent
023,MD,Independent
023,ME,Independent
023,MI,Independent
023,MN,Independent
023,MO,Independent
018,FL,ACE
018,GA,ACE
018,HI,ACE
018,IA,ACE
018,ID,ACE
018,IL,ACE
018,IN,ACE
018,KS,ACE
018,KY,ACE
018,LA,ACE
018,MA,ACE
018,MD,ACE
018,ME,ACE
018,MI,ACE
018,MN,ACE
018,MO,ACE
018,MS,ACE
018,MT,ACE
018,NC,ACE
018,ND,ACE
018,NE,ACE
018,NH,ACE
018,NJ,ACE
018,NM,ACE
018,NV,ACE
018,OH,ACE
018,OK,ACE
018,OR,ACE
018,PA,ACE
018,PR,ACE
018,RI,ACE
018,SC,ACE
018,SD,ACE
018,TN,ACE
018,TX,ACE
018,UT,ACE
018,VA,ACE
018,VI,ACE
018,VT,ACE
018,WA,ACE
018,WI,ACE
008,NE,AAA NE
008,NH,AAA NE
008,NJ,AAA NE
008,NM,AAA NE
008,NV,AAA NE
008,OH,AAA NE
008,OK,AAA NE
008,OR,AAA NE
008,PA,AAA NE
008,PR,AAA NE
008,RI,AAA NE
042,OK,AAA NE
042,OR,AAA NE
042,PA,AAA NE
042,PR,AAA NE
042,RI,AAA NE
042,SC,AAA NE
042,SD,AAA NE
042,TN,AAA NE
042,TX,AAA NE
042,UT,AAA NE
042,VA,AAA NE
042,VI,AAA NE
042,VT,AAA NE
042,WA,AAA NE
177,RI,Independent
177,SC,Independent
177,SD,Independent
177,TN,Independent
177,TX,Independent
177,UT,Independent
177,VA,Independent
177,VI,Independent
177,VT,Independent
177,WA,Independent
177,WI,Independent
177,WV,Independent
177,WY,Independent
113,ME,ACG
113,MI,ACG
113,MN,ACG
113,MO,ACG
113,MS,ACG
113,MT,ACG
113,NC,ACG
113,ND,ACG
113,NE,ACG
113,NH,ACG
113,NJ,ACG
113,NM,ACG
113,NV,ACG
113,OH,ACG
113,OK,ACG
113,OR,ACG
057,MN,Independent
057,MO,Independent
057,MS,Independent
057,MT,Independent
057,NC,Independent
057,ND,Independent
057,NE,Independent
057,NH,Independent
057,NJ,Independent
057,NM,Independent
057,NV,Independent
057,OH,Independent
057,OK,Independent
057,OR,Independent
160,GA,Independent
160,HI,Independent
160,IA,Independent
160,ID,Independent
160,IL,Independent
160,IN,Independent
160,KS,Independent
160,KY,Independent
160,LA,Independent
160,MA,Independent
160,MD,Independent
160,ME,Independent
160,MI,Independent
160,MN,Independent
160,MO,Independent
160,MS,Independent
160,MT,Independent
160,NC,Independent
160,ND,Independent
160,NE,Independent
160,NH,Independent
160,NJ,Independent
160,NM,Independent
160,NV,Independent
160,OH,Independent
160,OK,Independent
160,OR,Independent
160,PA,Independent
160,PR,Independent
160,RI,Independent
160,SC,Independent
160,SD,Independent
160,TN,Independent
160,TX,Independent
160,UT,Independent
113,PA,ACG
113,PR,ACG
113,RI,ACG
113,SC,ACG
065,PR,ACE
065,RI,ACE
188,ID,Independent
188,IL,Independent
188,IN,Independent
188,KS,Independent
188,KY,Independent
188,LA,Independent
188,MA,Independent
188,MD,Independent
188,ME,Independent
049,AZ,ACG
049,CA,ACG
049,CO,ACG
049,CT,ACG
049,DC,ACG
049,DE,ACG
049,FL,ACG
049,GA,ACG
049,HI,ACG
049,IA,ACG
049,ID,ACG
049,IL,ACG
049,IN,ACG
049,KS,ACG
049,KY,ACG
049,LA,ACG
049,MA,ACG
049,MD,ACG
049,ME,ACG
049,MI,ACG
049,MN,ACG
049,MO,ACG
049,MS,ACG
049,MT,ACG
049,NC,ACG
049,ND,ACG
049,NE,ACG
049,NH,ACG
049,NJ,ACG
049,NM,ACG
049,NV,ACG
049,OH,ACG
049,OK,ACG
049,OR,ACG
049,PA,ACG
049,PR,ACG
049,RI,ACG
049,SC,ACG
049,SD,ACG
049,TN,ACG
049,TX,ACG
178,VA,Independent
178,VI,Independent
178,VT,Independent
178,WA,Independent
178,WI,Independent
178,WV,Independent
178,WY,Independent
178,ZZ,Independent
188,AK,Independent
188,AL,Independent
188,AR,Independent
188,AZ,Independent
188,CA,Independent
188,CO,Independent
188,CT,Independent
188,DC,Independent
188,DE,Independent
188,FL,Independent
116,IN,Independent
116,KS,Independent
116,KY,Independent
116,LA,Independent
116,MA,Independent
116,MD,Independent
116,ME,Independent
116,MI,Independent
238,MS,Independent
238,MT,Independent
238,NC,Independent
238,ND,Independent
238,NE,Independent
238,NH,Independent
238,NJ,Independent
238,NM,Independent
238,NV,Independent
238,OH,Independent
238,OK,Independent
238,OR,Independent
238,PA,Independent
238,PR,Independent
238,RI,Independent
238,SC,Independent
238,SD,Independent
238,TN,Independent
238,TX,Independent
238,UT,Independent
238,VA,Independent
238,VI,Independent
238,VT,Independent
238,WA,Independent
238,WI,Independent
238,WV,Independent
238,WY,Independent
238,ZZ,Independent
240,AK,AAA NE
240,AL,AAA NE
240,AR,AAA NE
240,AZ,AAA NE
240,CA,AAA NE
240,CO,AAA NE
240,CT,AAA NE
240,DC,AAA NE
240,DE,AAA NE
240,FL,AAA NE
240,GA,AAA NE
240,HI,AAA NE
240,IA,AAA NE
116,MN,Independent
116,MO,Independent
116,MS,Independent
116,MT,Independent
116,NC,Independent
116,ND,Independent
116,NE,Independent
240,ID,AAA NE
240,IL,AAA NE
240,IN,AAA NE
240,KS,AAA NE
240,KY,AAA NE
219,AZ,Independent
219,CA,Independent
219,CO,Independent
219,CT,Independent
044,CO,Independent
044,CT,Independent
044,DC,Independent
044,DE,Independent
044,FL,Independent
044,GA,Independent
044,HI,Independent
044,IA,Independent
044,ID,Independent
044,IL,Independent
044,IN,Independent
044,KS,Independent
044,KY,Independent
045,NV,AAA NE
133,VT,ACA
057,SC,Independent
057,SD,Independent
057,TN,Independent
057,TX,Independent
057,UT,Independent
057,VA,Independent
057,VI,Independent
227,VT,ACE
227,WA,ACE
227,WI,ACE
227,WV,ACE
227,WY,ACE
227,ZZ,ACE
238,AK,Independent
238,AL,Independent
238,AR,Independent
238,AZ,Independent
238,CA,Independent
238,CO,Independent
238,CT,Independent
238,DC,Independent
219,RI,Independent
219,SC,Independent
219,SD,Independent
219,TN,Independent
219,TX,Independent
219,UT,Independent
219,VA,Independent
219,VI,Independent
219,VT,Independent
219,WA,Independent
219,WI,Independent
219,WV,Independent
219,WY,Independent
219,ZZ,Independent
238,DE,Independent
238,FL,Independent
238,GA,Independent
238,HI,Independent
238,IA,Independent
238,ID,Independent
238,IL,Independent
238,IN,Independent
238,KS,Independent
238,KY,Independent
238,LA,Independent
238,MA,Independent
222,AK,Independent
222,AL,Independent
222,AR,Independent
222,AZ,Independent
188,OK,Independent
188,OR,Independent
188,PA,Independent
188,PR,Independent
188,RI,Independent
177,ZZ,Independent
178,AK,Independent
178,AL,Independent
178,AR,Independent
178,AZ,Independent
178,CA,Independent
111,OK,ACG
111,OR,ACG
111,PA,ACG
111,PR,ACG
111,RI,ACG
189,IA,Independent
189,ID,Independent
189,IL,Independent
189,IN,Independent
189,KS,Independent
189,KY,Independent
189,LA,Independent
189,MA,Independent
189,MD,Independent
189,ME,Independent
189,MI,Independent
189,MN,Independent
189,MO,Independent
189,MS,Independent
189,MT,Independent
189,NC,Independent
189,ND,Independent
189,NE,Independent
189,NH,Independent
189,NJ,Independent
189,NM,Independent
189,NV,Independent
189,OH,Independent
189,OK,Independent
189,OR,Independent
189,PA,Independent
189,PR,Independent
047,PA,ACG
047,PR,ACG
047,RI,ACG
047,SC,ACG
047,SD,ACG
047,TN,ACG
047,TX,ACG
047,UT,ACG
047,VA,ACG
047,VI,ACG
047,VT,ACG
047,WA,ACG
047,WI,ACG
047,WV,ACG
047,WY,ACG
047,ZZ,ACG
049,AK,ACG
049,AL,ACG
049,AR,ACG
066,IN,MWG
066,KS,MWG
066,KY,MWG
066,LA,MWG
066,MA,MWG
066,MD,MWG
066,ME,MWG
066,MI,MWG
066,MN,MWG
074,WI,AAA NE
074,WV,AAA NE
074,WY,AAA NE
074,ZZ,AAA NE
075,AK,AAA NE
075,AL,AAA NE
075,AR,AAA NE
071,SC,Independent
071,SD,Independent
071,TN,Independent
071,TX,Independent
071,UT,Independent
071,VA,Independent
071,VI,Independent
071,VT,Independent
071,WA,Independent
071,WI,Independent
071,WV,Independent
071,WY,Independent
071,ZZ,Independent
074,AK,AAA NE
074,AL,AAA NE
074,AR,AAA NE
074,AZ,AAA NE
074,CA,AAA NE
074,CO,AAA NE
075,AZ,AAA NE
075,CA,AAA NE
075,CO,AAA NE
075,CT,AAA NE
075,DC,AAA NE
075,DE,AAA NE
075,FL,AAA NE
075,GA,AAA NE
075,HI,AAA NE
075,IA,AAA NE
075,ID,AAA NE
075,IL,AAA NE
075,IN,AAA NE
075,KS,AAA NE
075,KY,AAA NE
075,LA,AAA NE
164,MA,ACA
164,MD,ACA
164,ME,ACA
164,MI,ACA
164,MN,ACA
164,MO,ACA
164,MS,ACA
164,MT,ACA
164,NC,ACA
164,ND,ACA
164,NE,ACA
164,NH,ACA
164,NJ,ACA
164,NM,ACA
164,NV,ACA
164,OH,ACA
164,OK,ACA
164,OR,ACA
164,PA,ACA
164,PR,ACA
164,RI,ACA
164,SC,ACA
164,SD,ACA
164,TN,ACA
164,TX,ACA
164,UT,ACA
069,ID,ACG
069,IL,ACG
069,IN,ACG
069,KS,ACG
069,KY,ACG
069,LA,ACG
069,MA,ACG
069,MD,ACG
069,ME,ACG
069,MI,ACG
069,MN,ACG
069,MO,ACG
069,MS,ACG
069,MT,ACG
069,NC,ACG
069,ND,ACG
069,NE,ACG
069,NH,ACG
069,NJ,ACG
176,ND,ACA
176,NE,ACA
176,NH,ACA
176,NJ,ACA
176,NM,ACA
176,NV,ACA
176,OH,ACA
176,OK,ACA
075,MA,AAA NE
075,MD,AAA NE
075,ME,AAA NE
074,CT,AAA NE
074,DC,AAA NE
074,DE,AAA NE
074,FL,AAA NE
074,GA,AAA NE
074,HI,AAA NE
069,NM,ACG
069,NV,ACG
188,GA,Independent
188,HI,Independent
188,IA,Independent
066,MO,MWG
066,MS,MWG
066,MT,MWG
066,NC,MWG
258,VI,ACE
258,VT,ACE
258,WA,ACE
258,WI,ACE
258,WV,ACE
258,WY,ACE
258,ZZ,ACE
260,AK,Independent
263,MI,ACA
263,MN,ACA
263,MO,ACA
263,MS,ACA
263,MT,ACA
263,NC,ACA
263,ND,ACA
263,NE,ACA
263,NH,ACA
263,NJ,ACA
263,NM,ACA
263,NV,ACA
263,OH,ACA
263,OK,ACA
263,OR,ACA
263,PA,ACA
263,PR,ACA
263,RI,ACA
263,SC,ACA
263,SD,ACA
263,TN,ACA
263,TX,ACA
263,UT,ACA
263,VA,ACA
263,VI,ACA
263,VT,ACA
263,WA,ACA
263,WI,ACA
263,WV,ACA
263,WY,ACA
263,ZZ,ACA
269,AK,Independent
269,AL,Independent
269,AR,Independent
269,AZ,Independent
269,CA,Independent
269,CO,Independent
269,CT,Independent
269,DC,Independent
269,DE,Independent
269,FL,Independent
269,GA,Independent
269,HI,Independent
263,HI,ACA
263,IA,ACA
263,ID,ACA
263,IL,ACA
263,IN,ACA
